{"mean": [61.445100612423445, 21.16469816272966, 0.15168416447944008, 2.4852362204724407, 0.1418416447944007, 0.29855643044619423, 4.295494313210849, 0.44586614173228345, 0.052979542377952854, 0.02458198039807523, 0.048775153105861765, 0.2062554680664917, 5.020559930008749, 15.529746281714786, 10.67924321959755, 0.32720909886264216, 87.49234470691164, 0.6008776942630151, 0.1242344706911636, 0.7774496937882764], "scale": [56.77760335202775, 11.087222614854689, 0.3587144807860867, 1.3920788476692227, 0.3630204332281039, 1.0205104044843754, 1.896881632115754, 0.5014418995082165, 0.08922353413759565, 0.09150613907200311, 0.21539762660105233, 0.4046160525228549, 3.9495967923429456, 22.984136920479706, 23.95534409142142, 0.8394128874681521, 170.4082174407029, 0.3765124702921847, 0.32984885475513315, 0.4159587328291379]}