{"mean": [61.445100612423445, 21.16469816272966, 0.15168416447944008, 2.4852362204724407, 1.0056867891513561, 0.022637795275590553, 0.1418416447944007, 0.1676509186351706, 0.0, 0.29855643044619423, 0.3194444444444444, 0.006780402449693788, 0.12007874015748031, 4.295494313210849, 0.0007655293088363954, 1.0286526684164479, 0.004046369203849519, 0.06124234470691164, 0.0018591426071741031, 0.03051181102362205, 0.44586614173228345, 0.12773403324584426, 0.0064523184601924756, 0.017497812773403325, 0.6134076990376203, 0.052979542377952854, 0.02458198039807523, 0.00010936132983377078, 0.06539807524059492, 0.048775153105861765, 2.231846019247594, 0.2062554680664917, 6.251968503937008, 2.9332895888014, 3.1219378827646542, 5.020559930008749, 2.405621172353456, 15.529746281714786, 10.479002624671915, 10.67924321959755, 7.281149502078968, 7.683960855414934, 5.125661006085186, 0.32720909886264216, 87.49234470691164, 0.6008776942630151, 0.2778405909513333, 0.0, 0.44258530183727035, 37.33466368600376, 0.0012029746281714785, 0.0013123359580052493, 0.1242344706911636, 0.7774496937882764], "scale": [56.77760335202775, 11.087222614854689, 0.3587144807860867, 1.3920788476692227, 2.094489924869878, 0.15870552207154584, 0.3630204332281039, 0.8490635532823193, 1.0, 1.0205104044843754, 1.1009769968196372, 0.08206356434079061, 1.4419411896813323, 1.896881632115754, 0.027657607881262477, 0.24536227631783503, 0.10708205512041558, 0.5797796032443903, 0.07893123202695097, 0.28533858966657344, 0.5014418995082165, 0.38063449255911475, 0.08006675993620305, 0.1741120297440875, 0.48696888380982667, 0.08922353413759565, 0.09150613907200311, 0.010457024908324203, 0.24722695442734277, 0.21539762660105233, 0.6400943205454513, 0.4046160525228549, 5.661680148970121, 4.815553625510167, 2.2098225618071488, 3.9495967923429456, 3.0073646674773085, 22.984136920479706, 4.982712552121593, 23.95534409142142, 4.291204971859663, 3.6046119867622664, 7.4545783093307545, 0.8394128874681521, 170.4082174407029, 0.3765124702921847, 0.3202860384976056, 1.0, 0.496692613630254, 39.18423620327411, 0.034663056417679215, 0.03620239953841025, 0.32984885475513315, 0.4159587328291379]}